id,file_name
250,003597.jpg
171,003900.jpg
247,002636.jpg
238,002249.jpg
264,003370.jpg
54,001260.jpg
237,001015.jpg
255,003460.jpg
96,004922.jpg
114,001532.jpg
201,000109.jpg
168,002681.jpg
114,002561.jpg
153,003696.jpg
256,001291.jpg
45,003925.jpg
54,003849.jpg
175,004086.jpg
223,002174.jpg
33,005041.jpg
139,001432.jpg
136,004140.jpg
196,004615.jpg
187,000922.jpg
160,002986.jpg
247,004485.jpg
172,001653.jpg
168,001478.jpg
45,001787.jpg
33,004826.jpg
153,000612.jpg
151,001098.jpg
244,001183.jpg
256,003970.jpg
247,004023.jpg
60,002204.jpg
154,001069.jpg
265,004685.jpg
64,000356.jpg
238,001276.jpg
237,005005.jpg
115,005145.jpg
81,003368.jpg
265,004896.jpg
247,004132.jpg
154,003286.jpg
229,004243.jpg
228,001530.jpg
57,000511.jpg
168,003971.jpg
153,003437.jpg
175,001666.jpg
154,003915.jpg
240,001339.jpg
66,000025.jpg
82,003339.jpg
264,003551.jpg
267,001934.jpg
201,002000.jpg
247,004851.jpg
175,003396.jpg
108,000762.jpg
265,002550.jpg
181,000279.jpg
252,002844.jpg
153,000396.jpg
108,001852.jpg
223,000246.jpg
91,003694.jpg
249,003543.jpg
268,001173.jpg
40,003863.jpg
264,000634.jpg
42,001184.jpg
54,001659.jpg
43,001384.jpg
57,004314.jpg
106,002568.jpg
249,004557.jpg
55,004261.jpg
153,002009.jpg
196,004165.jpg
217,002959.jpg
100,001477.jpg
160,000232.jpg
91,000024.jpg
168,003265.jpg
237,000713.jpg
40,001879.jpg
12,002064.jpg
252,001176.jpg
246,001205.jpg
267,004768.jpg
261,000227.jpg
259,000816.jpg
261,004526.jpg
264,004816.jpg
160,001539.jpg
265,002854.jpg
178,003957.jpg
54,003486.jpg
237,003254.jpg
244,004084.jpg
243,000792.jpg
66,005003.jpg
82,003089.jpg
25,004141.jpg
153,000187.jpg
222,000968.jpg
198,003375.jpg
78,002839.jpg
274,002086.jpg
153,002320.jpg
213,001074.jpg
100,002023.jpg
181,000094.jpg
246,003128.jpg
90,004292.jpg
12,004032.jpg
153,002992.jpg
261,002762.jpg
153,004936.jpg
153,000508.jpg
250,000152.jpg
253,004548.jpg
178,004259.jpg
154,001842.jpg
247,002543.jpg
106,003424.jpg
226,004226.jpg
181,003287.jpg
90,003656.jpg
201,000630.jpg
109,000348.jpg
264,004634.jpg
238,003611.jpg
268,003273.jpg
45,002714.jpg
160,001135.jpg
237,004997.jpg
267,002964.jpg
145,001557.jpg
256,004946.jpg
172,000154.jpg
22,002709.jpg
136,000568.jpg
136,005153.jpg
69,000785.jpg
177,002868.jpg
153,005023.jpg
265,003940.jpg
264,003496.jpg
259,002231.jpg
136,002436.jpg
223,000337.jpg
249,004611.jpg
108,001942.jpg
13,002611.jpg
268,000314.jpg
228,000334.jpg
256,004707.jpg
168,004742.jpg
240,002582.jpg
22,003808.jpg
153,004444.jpg
57,001930.jpg
124,003936.jpg
160,002149.jpg
34,003689.jpg
246,002049.jpg
172,000281.jpg
264,004504.jpg
216,002080.jpg
145,002765.jpg
6,003570.jpg
114,000988.jpg
153,003944.jpg
13,004670.jpg
247,002324.jpg
211,004209.jpg
22,004455.jpg
33,001450.jpg
55,003151.jpg
34,004421.jpg
88,004351.jpg
90,000305.jpg
268,003621.jpg
195,002042.jpg
153,000938.jpg
244,004354.jpg
274,000896.jpg
60,001330.jpg
153,001044.jpg
255,000500.jpg
100,004643.jpg
160,001797.jpg
154,002546.jpg
55,002523.jpg
0,002253.jpg
222,004694.jpg
160,001973.jpg
265,003779.jpg
261,003399.jpg
265,001373.jpg
153,002739.jpg
181,002034.jpg
28,004970.jpg
55,000716.jpg
106,000427.jpg
0,000384.jpg
223,003135.jpg
202,000617.jpg
255,003445.jpg
172,004493.jpg
57,000769.jpg
154,004325.jpg
66,004186.jpg
171,003062.jpg
106,004802.jpg
265,001217.jpg
261,001290.jpg
160,004820.jpg
1,001983.jpg
273,002128.jpg
246,000592.jpg
160,001881.jpg
160,003113.jpg
255,004659.jpg
259,003328.jpg
217,001785.jpg
217,004170.jpg
64,003659.jpg
96,000465.jpg
117,001070.jpg
55,001212.jpg
265,002082.jpg
181,003378.jpg
100,002584.jpg
244,000468.jpg
250,001510.jpg
129,002925.jpg
160,000521.jpg
178,000899.jpg
51,004282.jpg
153,001491.jpg
96,001924.jpg
172,004576.jpg
90,001769.jpg
268,004194.jpg
28,004000.jpg
94,000517.jpg
268,005000.jpg
177,004284.jpg
12,002328.jpg
12,001758.jpg
238,000514.jpg
274,000533.jpg
247,003960.jpg
249,001618.jpg
115,003033.jpg
253,000965.jpg
96,002045.jpg
160,003826.jpg
69,003076.jpg
85,002921.jpg
81,002093.jpg
177,002634.jpg
27,002369.jpg
91,002306.jpg
208,001551.jpg
30,003416.jpg
238,004269.jpg
151,004285.jpg
24,003503.jpg
177,002699.jpg
42,003038.jpg
1,001888.jpg
148,004098.jpg
238,000031.jpg
100,002683.jpg
160,003147.jpg
97,004382.jpg
168,002570.jpg
249,004619.jpg
255,001089.jpg
55,004476.jpg
264,001411.jpg
142,004102.jpg
202,001147.jpg
34,002896.jpg
160,002578.jpg
226,002764.jpg
100,005085.jpg
66,002336.jpg
246,004549.jpg
117,003930.jpg
267,000167.jpg
268,003752.jpg
244,001116.jpg
246,003134.jpg
30,003464.jpg
181,002188.jpg
237,000418.jpg
220,003494.jpg
187,004598.jpg
0,003107.jpg
229,003693.jpg
202,002556.jpg
243,002846.jpg
181,001806.jpg
3,002695.jpg
237,000502.jpg
261,004564.jpg
154,004501.jpg
201,000625.jpg
175,002067.jpg
265,004684.jpg
271,001214.jpg
259,000671.jpg
108,000733.jpg
249,001224.jpg
24,001208.jpg
249,005125.jpg
240,000320.jpg
12,002624.jpg
267,003580.jpg
202,002501.jpg
237,000104.jpg
6,003908.jpg
3,004307.jpg
187,002594.jpg
60,002144.jpg
78,001032.jpg
250,002589.jpg
175,004522.jpg
196,000085.jpg
160,004195.jpg
196,004404.jpg
55,002628.jpg
54,003148.jpg
222,001547.jpg
154,003896.jpg
160,003839.jpg
265,001239.jpg
228,002251.jpg
96,004797.jpg
168,002563.jpg
124,004740.jpg
130,004899.jpg
25,003071.jpg
171,000920.jpg
94,003730.jpg
246,001595.jpg
168,002173.jpg
175,001824.jpg
237,000262.jpg
267,004872.jpg
153,001223.jpg
154,001181.jpg
196,000624.jpg
228,003141.jpg
54,005062.jpg
249,000898.jpg
0,004759.jpg
55,004128.jpg
91,002576.jpg
88,004168.jpg
249,000774.jpg
175,001259.jpg
246,001964.jpg
237,003965.jpg
88,001692.jpg
249,004229.jpg
3,000303.jpg
106,001967.jpg
265,003897.jpg
124,004215.jpg
243,000173.jpg
201,003854.jpg
229,001739.jpg
237,001400.jpg
57,003236.jpg
178,004471.jpg
57,001249.jpg
33,002192.jpg
274,000705.jpg
132,000524.jpg
3,000540.jpg
148,001594.jpg
222,000198.jpg
55,002632.jpg
124,005015.jpg
160,001389.jpg
6,002389.jpg
136,003677.jpg
0,000841.jpg
154,000696.jpg
148,003143.jpg
0,002788.jpg
228,001821.jpg
238,004283.jpg
153,004613.jpg
96,003814.jpg
213,000285.jpg
97,000906.jpg
243,004050.jpg
43,000611.jpg
237,003761.jpg
30,004988.jpg
220,001584.jpg
139,004156.jpg
136,000754.jpg
195,004516.jpg
237,001535.jpg
240,000550.jpg
249,002127.jpg
178,000093.jpg
160,003674.jpg
172,001737.jpg
64,003289.jpg
85,002775.jpg
81,003397.jpg
160,000311.jpg
238,004240.jpg
175,001412.jpg
261,001531.jpg
160,000523.jpg
261,001148.jpg
88,001338.jpg
177,002079.jpg
217,004464.jpg
259,001027.jpg
261,002170.jpg
117,001766.jpg
97,003782.jpg
153,000656.jpg
55,001701.jpg
168,001544.jpg
267,004934.jpg
72,003314.jpg
237,002265.jpg
40,001059.jpg
244,000252.jpg
94,000037.jpg
27,003713.jpg
202,001680.jpg
115,004017.jpg
172,003511.jpg
177,005136.jpg
265,001344.jpg
253,004130.jpg
142,004117.jpg
145,004349.jpg
244,002339.jpg
267,004729.jpg
0,004648.jpg
153,000105.jpg
243,000732.jpg
216,002059.jpg
153,000606.jpg
160,003377.jpg
43,003277.jpg
154,001718.jpg
130,002610.jpg
273,003777.jpg
40,000882.jpg
244,001990.jpg
253,002269.jpg
154,000212.jpg
130,001600.jpg
126,004113.jpg
222,002763.jpg
237,004290.jpg
97,001316.jpg
25,000953.jpg
256,003586.jpg
240,002861.jpg
264,004963.jpg
90,000736.jpg
172,004001.jpg
268,000039.jpg
216,004766.jpg
160,003641.jpg
238,004087.jpg
160,001137.jpg
69,000574.jpg
160,002729.jpg
22,000161.jpg
6,004041.jpg
33,000637.jpg
13,000340.jpg
43,002998.jpg
172,003452.jpg
151,002487.jpg
244,003088.jpg
85,002145.jpg
64,004747.jpg
67,004305.jpg
226,004301.jpg
60,004061.jpg
78,003670.jpg
153,004597.jpg
148,003658.jpg
66,002528.jpg
76,000247.jpg
28,000049.jpg
195,004233.jpg
108,000056.jpg
54,002842.jpg
153,001155.jpg
25,001433.jpg
25,004765.jpg
237,002749.jpg
238,001799.jpg
259,001726.jpg
39,004370.jpg
27,002143.jpg
265,000676.jpg
97,004744.jpg
66,004540.jpg
151,002014.jpg
154,003307.jpg
129,004424.jpg
229,004281.jpg
34,001608.jpg
42,001646.jpg
202,001424.jpg
243,003683.jpg
85,002307.jpg
64,004371.jpg
202,001139.jpg
273,004191.jpg
34,002826.jpg
243,001558.jpg
261,004825.jpg
253,003388.jpg
249,003948.jpg
247,003527.jpg
237,000462.jpg
177,000661.jpg
55,003429.jpg
3,001414.jpg
175,003612.jpg
160,003120.jpg
220,002880.jpg
153,002646.jpg
250,001416.jpg
24,000204.jpg
253,004691.jpg
100,002065.jpg
217,001472.jpg
115,004546.jpg
249,004595.jpg
67,003234.jpg
76,002447.jpg
78,004927.jpg
82,003049.jpg
249,004511.jpg
243,005129.jpg
273,001886.jpg
40,003822.jpg
91,000368.jpg
268,005072.jpg
106,001020.jpg
54,001536.jpg
217,005143.jpg
264,001168.jpg
265,004176.jpg
108,004026.jpg
154,004256.jpg
246,000420.jpg
114,002179.jpg
250,002028.jpg
39,003037.jpg
39,000618.jpg
114,001165.jpg
264,003018.jpg
247,001767.jpg
261,000970.jpg
39,003002.jpg
145,003149.jpg
168,000210.jpg
151,002470.jpg
130,002190.jpg
154,002504.jpg
222,002267.jpg
55,000834.jpg
154,000014.jpg
238,004727.jpg
168,001846.jpg
178,001318.jpg
34,001970.jpg
246,004743.jpg
51,000820.jpg
252,001396.jpg
81,004331.jpg
124,001791.jpg
160,000372.jpg
0,003997.jpg
160,003548.jpg
153,001376.jpg
97,004843.jpg
237,001003.jpg
246,003205.jpg
153,001590.jpg
153,004239.jpg
40,004142.jpg
97,000044.jpg
30,005032.jpg
237,003698.jpg
42,003276.jpg
51,004502.jpg
13,000560.jpg
160,004204.jpg
136,001523.jpg
261,001548.jpg
100,003507.jpg
250,000839.jpg
154,003064.jpg
57,004794.jpg
208,004015.jpg
168,003708.jpg
88,005138.jpg
160,001301.jpg
60,000701.jpg
66,002542.jpg
69,003544.jpg
76,002193.jpg
78,004268.jpg
67,004021.jpg
78,005081.jpg
94,000064.jpg
168,000370.jpg
244,000782.jpg
154,001746.jpg
72,003529.jpg
259,002665.jpg
132,002659.jpg
136,003532.jpg
100,000924.jpg
264,005047.jpg
153,003343.jpg
153,002651.jpg
154,001251.jpg
244,000360.jpg
81,000256.jpg
187,000609.jpg
28,001752.jpg
154,002829.jpg
172,002631.jpg
153,000925.jpg
94,002191.jpg
33,000069.jpg
216,004984.jpg
238,003226.jpg
13,000867.jpg
109,002296.jpg
177,004612.jpg
67,003874.jpg
243,003538.jpg
117,000799.jpg
246,003866.jpg
136,003887.jpg
64,000001.jpg
22,004852.jpg
136,004463.jpg
90,004131.jpg
69,003290.jpg
64,002153.jpg
85,002516.jpg
67,000821.jpg
198,000043.jpg
240,004953.jpg
13,004784.jpg
51,004395.jpg
175,003021.jpg
145,003327.jpg
195,000914.jpg
259,000436.jpg
243,000236.jpg
265,004438.jpg
246,002638.jpg
178,004830.jpg
237,004959.jpg
202,004954.jpg
249,002243.jpg
265,004967.jpg
90,004199.jpg
22,001096.jpg
181,004085.jpg
256,003462.jpg
201,002898.jpg
247,003595.jpg
64,000826.jpg
129,002390.jpg
268,002180.jpg
208,002988.jpg
168,000677.jpg
177,001814.jpg
226,000296.jpg
265,001348.jpg
12,002314.jpg
172,003837.jpg
220,001981.jpg
154,001549.jpg
265,004596.jpg
106,000265.jpg
274,001838.jpg
171,001120.jpg
217,003230.jpg
129,001720.jpg
72,004247.jpg
160,001694.jpg
268,002831.jpg
13,003707.jpg
78,000209.jpg
22,003644.jpg
40,001094.jpg
51,000453.jpg
264,000083.jpg
261,000981.jpg
55,001771.jpg
201,001103.jpg
106,002452.jpg
168,004056.jpg
139,000904.jpg
136,005150.jpg
43,001226.jpg
114,002090.jpg
213,002340.jpg
249,000756.jpg
216,001366.jpg
153,001332.jpg
136,003374.jpg
160,002731.jpg
211,003843.jpg
106,001552.jpg
271,003932.jpg
45,001141.jpg
153,002943.jpg
72,002058.jpg
136,002112.jpg
202,001475.jpg
237,001527.jpg
201,003560.jpg
240,003279.jpg
82,000217.jpg
66,000895.jpg
76,003931.jpg
114,001944.jpg
208,002374.jpg
250,001625.jpg
1,000518.jpg
66,001587.jpg
160,002425.jpg
142,000294.jpg
202,000136.jpg
154,001854.jpg
265,002774.jpg
273,004639.jpg
100,003303.jpg
243,004609.jpg
109,002162.jpg
97,003783.jpg
66,003910.jpg
76,004631.jpg
82,001274.jpg
106,001368.jpg
154,001538.jpg
160,003225.jpg
265,001267.jpg
243,002270.jpg
201,000286.jpg
216,004011.jpg
252,004910.jpg
220,003625.jpg
153,000718.jpg
198,004999.jpg
54,000543.jpg
246,004582.jpg
217,002612.jpg
24,002017.jpg
13,000551.jpg
261,002579.jpg
246,004821.jpg
132,003903.jpg
153,004125.jpg
94,001685.jpg
259,004817.jpg
43,005091.jpg
109,002971.jpg
153,002019.jpg
55,004408.jpg
264,002797.jpg
208,000641.jpg
198,001586.jpg
216,003654.jpg
273,000238.jpg
117,000680.jpg
243,002140.jpg
246,004850.jpg
243,004171.jpg
256,004937.jpg
153,002322.jpg
268,004844.jpg
132,001832.jpg
160,001153.jpg
243,000471.jpg
223,003421.jpg
129,000712.jpg
201,003430.jpg
54,003617.jpg
244,002708.jpg
171,001592.jpg
124,004251.jpg
126,003387.jpg
229,000598.jpg
145,004730.jpg
178,002818.jpg
243,003613.jpg
136,000932.jpg
160,004177.jpg
69,000144.jpg
96,003325.jpg
256,004456.jpg
208,004497.jpg
142,003199.jpg
211,002189.jpg
145,002125.jpg
142,000707.jpg
45,000140.jpg
228,002735.jpg
3,002379.jpg
256,000852.jpg
154,001919.jpg
153,004109.jpg
168,003001.jpg
271,004514.jpg
109,002583.jpg
249,002786.jpg
255,004376.jpg
271,003333.jpg
129,000317.jpg
160,000257.jpg
259,003331.jpg
196,002007.jpg
246,001064.jpg
12,000190.jpg
247,001421.jpg
142,003362.jpg
255,001050.jpg
249,000623.jpg
243,005149.jpg
13,004488.jpg
69,001634.jpg
247,000405.jpg
1,001225.jpg
114,002585.jpg
160,003557.jpg
45,003059.jpg
240,002723.jpg
259,005066.jpg
223,004496.jpg
106,003012.jpg
256,002456.jpg
240,000861.jpg
0,003791.jpg
238,000319.jpg
244,003870.jpg
153,000927.jpg
88,003988.jpg
6,004361.jpg
268,004390.jpg
249,004928.jpg
247,003883.jpg
33,002946.jpg
153,000269.jpg
246,003876.jpg
145,001488.jpg
160,004822.jpg
160,000636.jpg
43,004158.jpg
175,002210.jpg
249,001079.jpg
253,000108.jpg
72,004423.jpg
91,001464.jpg
27,001446.jpg
28,003309.jpg
13,003187.jpg
25,000095.jpg
273,001870.jpg
249,004662.jpg
255,000487.jpg
153,003027.jpg
30,002924.jpg
145,005154.jpg
142,002888.jpg
246,001579.jpg
154,003986.jpg
153,000566.jpg
229,003562.jpg
246,001395.jpg
196,001453.jpg
246,000915.jpg
153,003829.jpg
256,002564.jpg
45,001856.jpg
136,003642.jpg
211,001287.jpg
244,002353.jpg
274,002836.jpg
153,000737.jpg
115,003935.jpg
243,001734.jpg
34,001247.jpg
229,003131.jpg
198,004528.jpg
237,000443.jpg
126,000150.jpg
117,004100.jpg
175,002120.jpg
202,001849.jpg
246,004353.jpg
34,003522.jpg
172,002596.jpg
268,002937.jpg
265,005075.jpg
153,004808.jpg
160,000387.jpg
246,004900.jpg
108,001632.jpg
261,000832.jpg
55,004162.jpg
136,001308.jpg
259,001087.jpg
195,004289.jpg
213,001160.jpg
39,002486.jpg
57,002419.jpg
265,003714.jpg
54,000603.jpg
217,002335.jpg
213,000913.jpg
145,001505.jpg
108,001198.jpg
153,003096.jpg
40,000548.jpg
246,001355.jpg
247,000525.jpg
217,002185.jpg
267,002450.jpg
153,003540.jpg
178,004127.jpg
160,002341.jpg
136,003338.jpg
267,002706.jpg
211,001834.jpg
97,004893.jpg
168,003259.jpg
220,001303.jpg
273,003759.jpg
160,001554.jpg
148,003638.jpg
160,005146.jpg
3,000222.jpg
265,000050.jpg
153,002503.jpg
39,004184.jpg
229,002430.jpg
265,005114.jpg
202,000684.jpg
130,004734.jpg
81,002263.jpg
85,004414.jpg
64,001189.jpg
54,002490.jpg
3,001014.jpg
126,001365.jpg
247,002072.jpg
3,002477.jpg
172,002473.jpg
153,001513.jpg
6,001311.jpg
243,003403.jpg
243,003407.jpg
247,000660.jpg
22,001819.jpg
168,003596.jpg
136,004632.jpg
267,002512.jpg
274,004457.jpg
160,003918.jpg
25,000090.jpg
220,003369.jpg
88,000189.jpg
28,000699.jpg
108,004254.jpg
97,003842.jpg
145,001524.jpg
22,001997.jpg
255,004217.jpg
154,001729.jpg
153,001750.jpg
252,003411.jpg
42,003514.jpg
211,001611.jpg
153,003530.jpg
136,001321.jpg
100,001950.jpg
226,001310.jpg
115,004568.jpg
171,002505.jpg
97,003162.jpg
160,000463.jpg
243,002727.jpg
172,002593.jpg
265,000424.jpg
201,003191.jpg
201,003704.jpg
160,000481.jpg
246,000240.jpg
72,000153.jpg
1,002098.jpg
39,001012.jpg
54,003425.jpg
100,004650.jpg
223,001444.jpg
247,003394.jpg
243,005009.jpg
43,002791.jpg
160,004151.jpg
28,001322.jpg
240,000664.jpg
261,001369.jpg
247,001125.jpg
249,004091.jpg
247,001948.jpg
142,000473.jpg
145,001254.jpg
97,000127.jpg
66,002738.jpg
76,002433.jpg
78,003366.jpg
54,005121.jpg
273,000530.jpg
114,000382.jpg
160,002453.jpg
267,001023.jpg
211,001779.jpg
154,002290.jpg
160,001860.jpg
39,003035.jpg
145,001080.jpg
25,000590.jpg
55,000129.jpg
247,003738.jpg
238,002532.jpg
129,003211.jpg
85,004303.jpg
69,003721.jpg
1,000307.jpg
160,001306.jpg
243,004902.jpg
115,002750.jpg
252,002234.jpg
246,002552.jpg
202,000398.jpg
264,004107.jpg
250,001892.jpg
172,002432.jpg
244,000015.jpg
267,002302.jpg
132,000327.jpg
136,000905.jpg
271,002776.jpg
267,004677.jpg
94,001717.jpg
154,000685.jpg
247,000528.jpg
40,002601.jpg
124,002965.jpg
271,000324.jpg
171,004378.jpg
255,001235.jpg
249,004752.jpg
151,001512.jpg
96,002123.jpg
154,004971.jpg
154,000284.jpg
273,003700.jpg
33,001807.jpg
237,003058.jpg
100,003052.jpg
100,003251.jpg
202,001515.jpg
168,000111.jpg
175,001359.jpg
264,003013.jpg
240,002388.jpg
172,003444.jpg
160,002182.jpg
265,000995.jpg
85,001714.jpg
64,002141.jpg
81,000160.jpg
67,003987.jpg
148,000272.jpg
27,003262.jpg
97,004616.jpg
253,000607.jpg
208,005053.jpg
22,000020.jpg
172,003776.jpg
153,001300.jpg
153,001263.jpg
247,001949.jpg
168,002156.jpg
126,000178.jpg
250,001328.jpg
213,003242.jpg
109,002472.jpg
27,000002.jpg
136,003483.jpg
216,003956.jpg
261,000206.jpg
25,002771.jpg
265,002044.jpg
264,003210.jpg
151,001810.jpg
64,000214.jpg
108,003011.jpg
57,002272.jpg
237,003741.jpg
268,004785.jpg
45,003221.jpg
30,004173.jpg
172,001916.jpg
124,002105.jpg
66,002110.jpg
82,004159.jpg
64,000933.jpg
264,004182.jpg
168,004047.jpg
240,001237.jpg
64,001501.jpg
28,003490.jpg
238,002957.jpg
264,001704.jpg
60,000829.jpg
267,003679.jpg
69,001280.jpg
153,000907.jpg
153,002936.jpg
160,000342.jpg
153,003800.jpg
160,002867.jpg
246,001435.jpg
253,002426.jpg
249,004076.jpg
60,000940.jpg
55,004741.jpg
256,001896.jpg
43,000393.jpg
78,002364.jpg
60,000575.jpg
171,004416.jpg
229,002752.jpg
64,001593.jpg
160,001399.jpg
153,004263.jpg
67,001519.jpg
256,002784.jpg
139,003824.jpg
136,004857.jpg
268,003906.jpg
139,003083.jpg
136,003991.jpg
64,004246.jpg
129,003583.jpg
247,004773.jpg
222,001574.jpg
261,004686.jpg
237,004279.jpg
252,005123.jpg
160,000626.jpg
249,003868.jpg
97,002442.jpg
244,001483.jpg
246,000195.jpg
246,005141.jpg
255,001158.jpg
175,001243.jpg
181,002004.jpg
228,004653.jpg
124,001252.jpg
168,000597.jpg
114,004699.jpg
240,001743.jpg
132,000172.jpg
273,002479.jpg
154,004561.jpg
3,001408.jpg
154,000423.jpg
268,000409.jpg
246,000009.jpg
178,000120.jpg
160,003417.jpg
246,004809.jpg
153,004295.jpg
195,002198.jpg
198,002889.jpg
250,002113.jpg
267,002471.jpg
201,000541.jpg
268,001452.jpg
237,001945.jpg
172,000692.jpg
223,002299.jpg
100,002862.jpg
6,001668.jpg
13,001138.jpg
42,001565.jpg
72,000096.jpg
24,004703.jpg
72,001541.jpg
271,005027.jpg
51,004080.jpg
100,002027.jpg
51,002088.jpg
160,003358.jpg
244,000042.jpg
126,001128.jpg
264,003998.jpg
250,003657.jpg
54,004007.jpg
256,001140.jpg
256,001130.jpg
202,002168.jpg
108,003299.jpg
247,001563.jpg
268,005061.jpg
160,000923.jpg
201,001740.jpg
153,003297.jpg
217,003828.jpg
171,003919.jpg
226,002507.jpg
40,002455.jpg
3,002373.jpg
117,004538.jpg
198,004338.jpg
160,003861.jpg
6,000233.jpg
153,004016.jpg
243,001661.jpg
153,004419.jpg
195,000287.jpg
151,001037.jpg
172,002654.jpg
228,003025.jpg
249,004778.jpg
69,000643.jpg
3,004692.jpg
67,004183.jpg
78,002660.jpg
82,000688.jpg
265,003381.jpg
153,003386.jpg
136,003167.jpg
243,002720.jpg
130,005006.jpg
130,003818.jpg
243,004535.jpg
42,004400.jpg
132,002668.jpg
136,003831.jpg
136,000438.jpg
160,003039.jpg
246,003163.jpg
97,004555.jpg
187,004157.jpg
247,003466.jpg
271,004447.jpg
114,003050.jpg
139,003556.jpg
136,001873.jpg
273,002349.jpg
153,004042.jpg
202,000159.jpg
153,004911.jpg
126,000838.jpg
213,003310.jpg
171,002104.jpg
91,002920.jpg
51,003115.jpg
271,004188.jpg
24,000531.jpg
109,003155.jpg
42,001936.jpg
249,003767.jpg
13,004969.jpg
3,005046.jpg
97,001258.jpg
114,001342.jpg
268,004369.jpg
160,003968.jpg
55,000811.jpg
160,001485.jpg
211,000433.jpg
153,002978.jpg
160,003176.jpg
66,004758.jpg
6,000789.jpg
244,003014.jpg
60,004206.jpg
96,000859.jpg
72,005094.jpg
243,000599.jpg
243,003209.jpg
274,001213.jpg
252,005131.jpg
238,001610.jpg
153,002260.jpg
267,004342.jpg
271,002146.jpg
30,002137.jpg
171,000270.jpg
72,003635.jpg
30,002037.jpg
237,002493.jpg
172,000670.jpg
57,002183.jpg
220,002754.jpg
250,001678.jpg
274,002411.jpg
27,002172.jpg
154,003080.jpg
154,001511.jpg
213,003253.jpg
249,001503.jpg
126,002219.jpg
213,003601.jpg
160,002475.jpg
90,001525.jpg
198,000747.jpg
261,002848.jpg
172,001065.jpg
33,004033.jpg
261,002262.jpg
246,004363.jpg
267,002932.jpg
223,002010.jpg
211,000891.jpg
45,002732.jpg
243,002114.jpg
237,004787.jpg
154,002047.jpg
261,001638.jpg
271,003859.jpg
43,000058.jpg
274,002684.jpg
256,000300.jpg
160,003933.jpg
43,003250.jpg
171,002757.jpg
171,004837.jpg
115,003024.jpg
217,003283.jpg
259,004767.jpg
243,003871.jpg
24,004302.jpg
96,003934.jpg
81,003301.jpg
117,004053.jpg
249,005044.jpg
244,004577.jpg
172,001696.jpg
154,001687.jpg
249,004244.jpg
261,003758.jpg
148,002280.jpg
106,003468.jpg
72,002130.jpg
124,004427.jpg
187,001764.jpg
153,002728.jpg
40,004600.jpg
39,000759.jpg
27,005069.jpg
243,002078.jpg
250,001343.jpg
85,000593.jpg
109,003329.jpg
153,004876.jpg
255,000880.jpg
148,003435.jpg
247,004365.jpg
82,005106.jpg
66,003989.jpg
76,000492.jpg
223,001367.jpg
153,001676.jpg
265,004618.jpg
261,003857.jpg
246,004792.jpg
268,004995.jpg
142,002999.jpg
145,003911.jpg
247,005155.jpg
171,003086.jpg
139,004530.jpg
136,002808.jpg
246,004429.jpg
168,001905.jpg
175,004358.jpg
211,003510.jpg
178,003136.jpg
100,000723.jpg
160,001454.jpg
108,002679.jpg
250,005128.jpg
151,001591.jpg
228,002807.jpg
246,001182.jpg
265,000775.jpg
57,004626.jpg
253,005042.jpg
264,004950.jpg
66,004714.jpg
82,003266.jpg
160,005014.jpg
22,003841.jpg
136,001885.jpg
91,004921.jpg
226,001800.jpg
136,002445.jpg
153,000201.jpg
220,000373.jpg
30,001601.jpg
237,002476.jpg
153,004124.jpg
187,003267.jpg
160,002527.jpg
154,000851.jpg
117,000755.jpg
136,002323.jpg
177,004271.jpg
97,003881.jpg
1,003807.jpg
247,003177.jpg
265,002066.jpg
246,003846.jpg
237,002211.jpg
142,001242.jpg
261,002513.jpg
252,002857.jpg
25,001826.jpg
153,002055.jpg
130,000175.jpg
160,003855.jpg
40,001461.jpg
106,002461.jpg
154,002696.jpg
237,004265.jpg
12,001283.jpg
201,004637.jpg
22,001250.jpg
3,000316.jpg
243,000604.jpg
253,004237.jpg
249,005130.jpg
24,001907.jpg
39,004838.jpg
265,004228.jpg
253,003175.jpg
1,002035.jpg
223,002602.jpg
228,002420.jpg
196,004430.jpg
255,001751.jpg
160,000559.jpg
250,001170.jpg
24,001294.jpg
238,005132.jpg
28,002287.jpg
237,002963.jpg
177,002297.jpg
222,004651.jpg
249,002440.jpg
90,005113.jpg
106,004267.jpg
94,000151.jpg
160,001360.jpg
252,002360.jpg
106,003072.jpg
226,000714.jpg
271,000516.jpg
267,002855.jpg
43,004509.jpg
246,004181.jpg
64,001186.jpg
240,004871.jpg
264,002276.jpg
66,003139.jpg
76,001805.jpg
115,001162.jpg
54,003725.jpg
45,003341.jpg
30,002544.jpg
3,003431.jpg
243,004193.jpg
153,003257.jpg
6,002122.jpg
88,004389.jpg
126,003619.jpg
172,003261.jpg
0,002558.jpg
154,003160.jpg
195,004278.jpg
91,002949.jpg
153,002535.jpg
172,005065.jpg
274,002273.jpg
142,003661.jpg
30,000510.jpg
160,003042.jpg
187,004052.jpg
222,004629.jpg
54,004196.jpg
6,003739.jpg
265,001455.jpg
3,004088.jpg
238,000323.jpg
97,002792.jpg
66,001765.jpg
82,000369.jpg
223,004133.jpg
126,004640.jpg
175,004602.jpg
268,004866.jpg
177,003624.jpg
259,002801.jpg
153,003607.jpg
246,003541.jpg
88,000669.jpg
139,003194.jpg
136,003126.jpg
130,000828.jpg
160,000355.jpg
154,004920.jpg
136,000950.jpg
160,000801.jpg
139,000886.jpg
136,001893.jpg
273,001518.jpg
246,002859.jpg
178,002524.jpg
154,003967.jpg
12,003323.jpg
196,000628.jpg
249,000339.jpg
81,005126.jpg
208,001286.jpg
160,001560.jpg
237,004777.jpg
6,000538.jpg
172,000029.jpg
273,000519.jpg
132,003975.jpg
181,004436.jpg
268,000137.jpg
229,004834.jpg
168,002025.jpg
153,003844.jpg
76,003655.jpg
78,001114.jpg
