id,file_name
153,002322.jpg
153,000566.jpg
153,004125.jpg
153,000656.jpg
153,003844.jpg
153,001676.jpg
153,002009.jpg
153,000396.jpg
160,001554.jpg
160,000355.jpg
160,001881.jpg
160,004177.jpg
160,002527.jpg
160,001137.jpg
160,003861.jpg
160,002578.jpg
154,003967.jpg
154,000212.jpg
154,001842.jpg
154,004561.jpg
154,004971.jpg
154,003080.jpg
154,001251.jpg
154,002504.jpg
246,004900.jpg
246,003163.jpg
246,001964.jpg
246,003541.jpg
246,001064.jpg
246,003876.jpg
246,005141.jpg
246,003846.jpg
265,003714.jpg
265,003779.jpg
265,003897.jpg
265,005075.jpg
265,002066.jpg
265,000050.jpg
265,001344.jpg
265,004967.jpg
136,001873.jpg
136,002808.jpg
136,003483.jpg
136,000568.jpg
136,003374.jpg
136,004463.jpg
136,001893.jpg
136,004857.jpg
237,001535.jpg
237,002963.jpg
237,004997.jpg
237,004290.jpg
237,004777.jpg
237,003965.jpg
237,003698.jpg
237,001945.jpg
249,000623.jpg
249,003767.jpg
249,004076.jpg
249,000756.jpg
249,003543.jpg
249,000898.jpg
249,004752.jpg
249,004595.jpg
243,001734.jpg
243,003407.jpg
243,003683.jpg
243,003871.jpg
243,000732.jpg
243,000236.jpg
243,000599.jpg
243,001558.jpg
247,003466.jpg
247,004023.jpg
247,005155.jpg
247,001125.jpg
247,001767.jpg
247,001948.jpg
247,003738.jpg
247,003394.jpg
172,003837.jpg
172,001737.jpg
172,000281.jpg
172,001916.jpg
172,002631.jpg
172,004001.jpg
172,002432.jpg
172,004493.jpg
261,000227.jpg
261,001638.jpg
261,004564.jpg
261,001290.jpg
261,002579.jpg
261,003857.jpg
261,002170.jpg
261,003758.jpg
168,003971.jpg
168,003001.jpg
168,001478.jpg
168,000210.jpg
168,000111.jpg
168,000677.jpg
168,003596.jpg
168,000370.jpg
268,003752.jpg
268,005061.jpg
268,001173.jpg
268,003906.jpg
268,000039.jpg
268,000409.jpg
268,000314.jpg
268,003621.jpg
264,001411.jpg
264,003018.jpg
264,004634.jpg
264,003370.jpg
264,001168.jpg
264,000634.jpg
264,005047.jpg
264,004504.jpg
267,004768.jpg
267,004677.jpg
267,004872.jpg
267,002855.jpg
267,004342.jpg
267,002706.jpg
267,001023.jpg
267,002964.jpg
244,002339.jpg
244,002353.jpg
244,000360.jpg
244,000042.jpg
244,000468.jpg
244,004084.jpg
244,004577.jpg
244,002708.jpg
55,004128.jpg
55,001771.jpg
55,003429.jpg
55,002628.jpg
55,002523.jpg
55,002632.jpg
55,004408.jpg
55,004162.jpg
97,003881.jpg
97,004616.jpg
97,000044.jpg
97,003782.jpg
97,001258.jpg
97,003162.jpg
97,003783.jpg
97,004555.jpg
238,000031.jpg
238,005132.jpg
238,001799.jpg
238,002249.jpg
238,000319.jpg
238,004087.jpg
238,002957.jpg
238,002532.jpg
100,000723.jpg
100,003303.jpg
100,003052.jpg
100,002584.jpg
100,002065.jpg
100,000924.jpg
100,004650.jpg
100,002683.jpg
66,001765.jpg
66,002336.jpg
66,002542.jpg
66,003989.jpg
66,002110.jpg
66,002528.jpg
66,003139.jpg
66,004714.jpg
54,003425.jpg
54,005062.jpg
54,002490.jpg
54,003849.jpg
54,003617.jpg
54,001536.jpg
54,005121.jpg
54,001260.jpg
202,000398.jpg
202,002168.jpg
202,000617.jpg
202,002556.jpg
202,001475.jpg
202,000136.jpg
202,001849.jpg
202,000159.jpg
3,004307.jpg
3,004088.jpg
3,001408.jpg
3,004692.jpg
3,001414.jpg
3,003431.jpg
3,002373.jpg
3,000540.jpg
64,000933.jpg
64,001501.jpg
64,004747.jpg
64,000001.jpg
64,000214.jpg
64,003659.jpg
64,001189.jpg
64,001593.jpg
250,002113.jpg
250,001625.jpg
250,005128.jpg
250,001170.jpg
250,003657.jpg
250,002028.jpg
250,001416.jpg
250,003597.jpg
175,003396.jpg
175,002067.jpg
175,003612.jpg
175,004602.jpg
175,004358.jpg
175,003021.jpg
175,004086.jpg
175,001243.jpg
256,004937.jpg
256,002456.jpg
256,003462.jpg
256,000300.jpg
256,001140.jpg
256,004946.jpg
256,000852.jpg
256,002564.jpg
106,001967.jpg
106,003072.jpg
106,003012.jpg
106,003424.jpg
106,002461.jpg
106,004267.jpg
106,004802.jpg
106,001020.jpg
201,000286.jpg
201,001103.jpg
201,003430.jpg
201,001740.jpg
201,003560.jpg
201,000630.jpg
201,002898.jpg
201,003704.jpg
259,003331.jpg
259,002231.jpg
259,002801.jpg
259,004817.jpg
259,001087.jpg
259,002665.jpg
259,004767.jpg
259,001027.jpg
240,000861.jpg
240,002388.jpg
240,001237.jpg
240,002723.jpg
240,001743.jpg
240,004953.jpg
240,003279.jpg
240,000320.jpg
273,004191.jpg
273,001518.jpg
273,000530.jpg
273,002479.jpg
273,000519.jpg
273,000238.jpg
273,002128.jpg
273,002349.jpg
171,004837.jpg
171,002757.jpg
171,002505.jpg
171,002104.jpg
171,000920.jpg
171,003062.jpg
171,001120.jpg
171,003900.jpg
145,005154.jpg
145,003149.jpg
145,002125.jpg
145,001080.jpg
145,001505.jpg
145,001524.jpg
145,001557.jpg
145,001254.jpg
255,000487.jpg
255,001089.jpg
255,003445.jpg
255,004659.jpg
255,001050.jpg
255,004376.jpg
255,001751.jpg
255,003460.jpg
114,004699.jpg
114,001165.jpg
114,000382.jpg
114,003050.jpg
114,002585.jpg
114,002561.jpg
114,002090.jpg
114,001342.jpg
43,003250.jpg
43,004158.jpg
43,002998.jpg
43,003277.jpg
43,001384.jpg
43,000058.jpg
43,000393.jpg
43,001226.jpg
253,005042.jpg
253,004548.jpg
253,000965.jpg
253,000108.jpg
253,002269.jpg
253,002426.jpg
253,004237.jpg
253,004691.jpg
40,001461.jpg
40,000548.jpg
40,003822.jpg
40,002455.jpg
40,000882.jpg
40,001879.jpg
40,001059.jpg
40,004600.jpg
223,004496.jpg
223,003421.jpg
223,004133.jpg
223,002602.jpg
223,000337.jpg
223,003135.jpg
223,002174.jpg
223,002010.jpg
108,001942.jpg
108,004026.jpg
108,003011.jpg
108,000056.jpg
108,001198.jpg
108,001852.jpg
108,003299.jpg
108,002679.jpg
22,002709.jpg
22,000020.jpg
22,001997.jpg
22,003808.jpg
22,000161.jpg
22,004455.jpg
22,003644.jpg
22,003841.jpg
271,000516.jpg
271,004514.jpg
271,001214.jpg
271,004447.jpg
271,005027.jpg
271,003932.jpg
271,002776.jpg
271,002146.jpg
177,002634.jpg
177,000661.jpg
177,002868.jpg
177,002699.jpg
177,001814.jpg
177,004612.jpg
177,004271.jpg
177,002079.jpg
13,000340.jpg
13,004969.jpg
13,004488.jpg
13,000867.jpg
13,001138.jpg
13,004784.jpg
13,000560.jpg
13,002611.jpg
178,004471.jpg
178,004830.jpg
178,004127.jpg
178,000899.jpg
178,000120.jpg
178,003136.jpg
178,001318.jpg
178,003957.jpg
6,001668.jpg
6,000789.jpg
6,003739.jpg
6,002389.jpg
6,002122.jpg
6,001311.jpg
6,003570.jpg
6,004041.jpg
217,002612.jpg
217,004464.jpg
217,001785.jpg
217,005143.jpg
217,002185.jpg
217,004170.jpg
217,003828.jpg
217,003230.jpg
274,000705.jpg
274,000533.jpg
274,002684.jpg
274,001213.jpg
274,002086.jpg
274,004457.jpg
274,001838.jpg
274,002411.jpg
78,002364.jpg
78,003366.jpg
78,004927.jpg
78,001032.jpg
78,001114.jpg
78,003670.jpg
78,004268.jpg
78,005081.jpg
142,003362.jpg
142,004102.jpg
142,003199.jpg
142,000707.jpg
142,003661.jpg
142,004117.jpg
142,001242.jpg
142,002999.jpg
30,002137.jpg
30,002037.jpg
30,005032.jpg
30,002924.jpg
30,004173.jpg
30,003416.jpg
30,002544.jpg
30,003464.jpg
57,002419.jpg
57,002183.jpg
57,001249.jpg
57,001930.jpg
57,004626.jpg
57,004794.jpg
57,004314.jpg
57,000769.jpg
72,004247.jpg
72,004423.jpg
72,000153.jpg
72,002058.jpg
72,003529.jpg
72,002130.jpg
72,005094.jpg
72,003635.jpg
69,000574.jpg
69,003076.jpg
69,001280.jpg
69,003290.jpg
69,000144.jpg
69,001634.jpg
69,000643.jpg
69,000785.jpg
124,003936.jpg
124,004427.jpg
124,001252.jpg
124,004215.jpg
124,005015.jpg
124,002965.jpg
124,004251.jpg
124,004740.jpg
0,000841.jpg
0,003791.jpg
0,004759.jpg
0,002558.jpg
0,002788.jpg
0,003997.jpg
0,003107.jpg
0,000384.jpg
39,003037.jpg
39,003002.jpg
39,002486.jpg
39,004370.jpg
39,004184.jpg
39,004838.jpg
39,003035.jpg
39,001012.jpg
96,004797.jpg
96,003934.jpg
96,003814.jpg
96,002123.jpg
96,001924.jpg
96,004922.jpg
96,002045.jpg
96,003325.jpg
181,004085.jpg
181,000279.jpg
181,002188.jpg
181,001806.jpg
181,000094.jpg
181,003378.jpg
181,002004.jpg
181,002034.jpg
252,002844.jpg
252,004910.jpg
252,001396.jpg
252,001176.jpg
252,005123.jpg
252,002234.jpg
252,002360.jpg
252,005131.jpg
126,000178.jpg
126,001365.jpg
126,002219.jpg
126,004640.jpg
126,003619.jpg
126,000150.jpg
126,004113.jpg
126,000838.jpg
229,004834.jpg
229,003562.jpg
229,004243.jpg
229,001739.jpg
229,002430.jpg
229,003693.jpg
229,000598.jpg
229,002752.jpg
228,003025.jpg
228,002807.jpg
228,001530.jpg
228,003141.jpg
228,001821.jpg
228,000334.jpg
228,002735.jpg
228,002251.jpg
82,000217.jpg
82,001274.jpg
82,004159.jpg
82,003266.jpg
82,000369.jpg
82,003089.jpg
82,003339.jpg
82,003049.jpg
25,003071.jpg
25,000953.jpg
25,000095.jpg
25,000090.jpg
25,001433.jpg
25,004765.jpg
25,004141.jpg
25,001826.jpg
211,003843.jpg
211,001834.jpg
211,003510.jpg
211,001287.jpg
211,000891.jpg
211,001779.jpg
211,000433.jpg
211,001611.jpg
45,003221.jpg
45,003059.jpg
45,000140.jpg
45,003925.jpg
45,001856.jpg
45,003341.jpg
45,001787.jpg
45,001141.jpg
220,001584.jpg
220,001303.jpg
220,000373.jpg
220,003625.jpg
220,002880.jpg
220,002754.jpg
220,001981.jpg
220,003369.jpg
130,003818.jpg
130,004734.jpg
130,002190.jpg
130,004899.jpg
130,000828.jpg
130,002610.jpg
130,000175.jpg
130,005006.jpg
88,004168.jpg
88,000189.jpg
88,004389.jpg
88,001692.jpg
88,005138.jpg
88,001338.jpg
88,000669.jpg
88,003988.jpg
117,001766.jpg
117,004538.jpg
117,004100.jpg
117,000755.jpg
117,000680.jpg
117,003930.jpg
117,000799.jpg
117,004053.jpg
28,000699.jpg
28,000049.jpg
28,004970.jpg
28,003309.jpg
28,004000.jpg
28,002287.jpg
28,003490.jpg
28,001322.jpg
85,002516.jpg
85,004303.jpg
85,002307.jpg
85,000593.jpg
85,002921.jpg
85,004414.jpg
85,002145.jpg
85,002775.jpg
76,003931.jpg
76,001805.jpg
76,003655.jpg
76,000492.jpg
76,000247.jpg
76,002193.jpg
76,002447.jpg
76,002433.jpg
24,001294.jpg
24,004302.jpg
24,001208.jpg
24,001907.jpg
24,000531.jpg
24,003503.jpg
24,000204.jpg
24,004703.jpg
60,000940.jpg
60,000575.jpg
60,000701.jpg
60,002204.jpg
60,001330.jpg
60,004206.jpg
60,002144.jpg
60,004061.jpg
222,001547.jpg
222,002763.jpg
222,004629.jpg
222,001574.jpg
222,004651.jpg
222,002267.jpg
222,000198.jpg
222,000968.jpg
12,001758.jpg
12,003323.jpg
12,001283.jpg
12,002328.jpg
12,004032.jpg
12,002314.jpg
12,002064.jpg
12,000190.jpg
151,004285.jpg
151,001512.jpg
151,001098.jpg
151,001810.jpg
151,002014.jpg
151,002470.jpg
151,001037.jpg
151,001591.jpg
115,003024.jpg
115,004546.jpg
115,003935.jpg
115,003033.jpg
115,005145.jpg
115,004017.jpg
115,004568.jpg
115,002750.jpg
90,000736.jpg
90,000305.jpg
90,004199.jpg
90,003656.jpg
90,001525.jpg
90,004131.jpg
90,005113.jpg
90,004292.jpg
81,003368.jpg
81,002093.jpg
81,004331.jpg
81,005126.jpg
81,003301.jpg
81,000256.jpg
81,003397.jpg
81,002263.jpg
196,001453.jpg
196,000628.jpg
196,004430.jpg
196,002007.jpg
196,004404.jpg
196,004615.jpg
196,000624.jpg
196,000085.jpg
213,003253.jpg
213,002340.jpg
213,001074.jpg
213,003242.jpg
213,003601.jpg
213,000285.jpg
213,000913.jpg
213,003310.jpg
139,003194.jpg
139,001432.jpg
139,003824.jpg
139,003556.jpg
139,003083.jpg
139,004530.jpg
139,004156.jpg
139,000904.jpg
91,002920.jpg
91,002306.jpg
91,004921.jpg
91,000368.jpg
91,002949.jpg
91,002576.jpg
91,003694.jpg
91,001464.jpg
33,000069.jpg
33,001450.jpg
33,001807.jpg
33,002946.jpg
33,002192.jpg
33,004826.jpg
33,000637.jpg
33,005041.jpg
187,000609.jpg
187,004157.jpg
187,002594.jpg
187,001764.jpg
187,000922.jpg
187,004598.jpg
187,003267.jpg
187,004052.jpg
67,001519.jpg
67,003234.jpg
67,004305.jpg
67,000821.jpg
67,003874.jpg
67,004183.jpg
67,003987.jpg
67,004021.jpg
132,000524.jpg
132,002668.jpg
132,003903.jpg
132,001832.jpg
132,003975.jpg
132,002659.jpg
132,000172.jpg
132,000327.jpg
42,001936.jpg
42,003276.jpg
42,001646.jpg
42,003038.jpg
42,001184.jpg
42,003514.jpg
42,001565.jpg
42,004400.jpg
195,004278.jpg
195,004289.jpg
195,002198.jpg
195,004516.jpg
195,000287.jpg
195,000914.jpg
195,004233.jpg
195,002042.jpg
148,004098.jpg
148,003143.jpg
148,002280.jpg
148,001594.jpg
148,003435.jpg
148,003658.jpg
148,000272.jpg
148,003638.jpg
216,004766.jpg
216,003956.jpg
216,002059.jpg
216,002080.jpg
216,003654.jpg
216,001366.jpg
216,004984.jpg
216,004011.jpg
198,000747.jpg
198,000043.jpg
198,004338.jpg
198,004528.jpg
198,002889.jpg
198,003375.jpg
198,004999.jpg
198,001586.jpg
208,001551.jpg
208,005053.jpg
208,000641.jpg
208,004015.jpg
208,004497.jpg
208,001286.jpg
208,002988.jpg
208,002374.jpg
27,001446.jpg
27,003262.jpg
27,000002.jpg
27,002143.jpg
27,002172.jpg
27,002369.jpg
27,003713.jpg
27,005069.jpg
94,000037.jpg
94,003730.jpg
94,001717.jpg
94,002191.jpg
94,001685.jpg
94,000151.jpg
94,000064.jpg
94,000517.jpg
51,002088.jpg
51,004395.jpg
51,004502.jpg
51,003115.jpg
51,004282.jpg
51,000820.jpg
51,000453.jpg
51,004080.jpg
129,000317.jpg
129,000712.jpg
129,001720.jpg
129,003211.jpg
129,004424.jpg
129,002925.jpg
129,003583.jpg
129,002390.jpg
226,002764.jpg
226,004226.jpg
226,002507.jpg
226,000296.jpg
226,000714.jpg
226,001800.jpg
226,001310.jpg
226,004301.jpg
1,000518.jpg
1,002035.jpg
1,003807.jpg
1,001225.jpg
1,000307.jpg
1,002098.jpg
1,001888.jpg
1,001983.jpg
34,001247.jpg
34,001608.jpg
34,003689.jpg
34,002826.jpg
34,004421.jpg
34,002896.jpg
34,001970.jpg
34,003522.jpg
109,002583.jpg
109,002971.jpg
109,002296.jpg
109,003329.jpg
109,000348.jpg
109,002162.jpg
109,002472.jpg
109,003155.jpg
